s_m,x_m,y_m,psi_rad,kappa_radpm,vx_mps,ax_mps2
0.2502711,372.9866041,260.2763329,-3.0377352,0.0000963,6.0000000,0.5000000
0.5023238,372.7376815,260.2503871,-3.0184845,0.0001410,6.0000000,0.5000000
0.7581830,372.4863139,260.2144301,-2.9809589,0.0001801,6.0000000,0.5000000
1.0181336,372.2325510,260.1685409,-2.9448439,0.0001705,6.0000000,0.5000000
1.2824373,371.9764429,260.1127988,-2.9101400,0.0001610,6.0000000,0.5000000
1.5513327,371.7180395,260.0472829,-2.8768351,0.0001518,6.0000000,0.5000000
1.8250371,371.4573908,259.9720722,-2.8449058,0.0001429,6.0000000,0.5000000
2.1037470,371.1945468,259.8872460,-2.8143205,0.0001344,6.0000000,0.5000000
2.3876393,370.9295574,259.7928834,-2.7850406,0.0001263,6.0000000,0.5000000
2.6768725,370.6624725,259.6890635,-2.7570225,0.0001186,6.0000000,0.5000000
2.9715880,370.3933422,259.5758655,-2.7302190,0.0001114,6.0000000,0.5000000
3.2719109,370.1222163,259.4533685,-2.7045806,0.0001045,6.0000000,0.5000000
3.5779513,369.8491449,259.3216517,-2.6800563,0.0000981,6.0000000,0.5000000
3.8898054,369.5741779,259.1807941,-2.6565949,0.0000921,6.0000000,0.5000000
4.2075564,369.2973652,259.0308749,-2.6341454,0.0000865,6.0000000,0.5000000
4.5312755,369.0187569,258.8719733,-2.6126575,0.0000813,6.0000000,0.5000000
4.8610227,368.7384028,258.7041684,-2.5920823,0.0000765,6.0000000,0.5000000
5.1968479,368.4563530,258.5275393,-2.5723722,0.0000719,6.0000000,0.5000000
5.5387914,368.1726573,258.3421652,-2.5534814,0.0000677,6.0000000,0.5000000
5.8868848,367.8873658,258.1481253,-2.5353660,0.0000638,6.0000000,0.5000000
6.2411515,367.6005284,257.9454985,-2.5179841,0.0000602,6.0000000,0.5000000
6.6016075,367.3121950,257.7343642,-2.5012956,0.0000568,6.0000000,0.5000000
6.9682621,367.0224157,257.5148014,-2.4852628,0.0000537,6.0000000,0.5000000
7.3411178,366.7312404,257.2868892,-2.4698496,0.0000508,6.0000000,0.5000000
7.7201716,366.4387190,257.0507069,-2.4550220,0.0000480,6.0000000,0.5000000
8.1054149,366.1449015,256.8063335,-2.4407479,0.0000455,6.0000000,0.5000000
8.4968341,365.8498378,256.5538482,-2.4269971,0.0000432,6.0000000,0.5000000
8.8944110,365.5535780,256.2933301,-2.4137408,0.0000410,6.0000000,0.5000000
9.2981230,365.2561719,256.0248584,-2.4009522,0.0000390,6.0000000,0.5000000
9.7079435,364.9576695,255.7485121,-2.3886060,0.0000371,6.0000000,0.5000000
10.1238425,364.6581209,255.4643705,-2.3766783,0.0000353,6.0000000,0.5000000
10.5457862,364.3575759,255.1725127,-2.3651467,0.0000336,6.0000000,0.5000000
10.9737378,364.0560844,254.8730178,-2.3539899,0.0000321,6.0000000,0.5000000
11.4076576,363.7536966,254.5659650,-2.3431882,0.0000307,6.0000000,0.5000000
11.8475031,363.4504622,254.2514333,-2.3327228,0.0000293,6.0000000,0.5000000
12.2932292,363.1464314,253.9295020,-2.3225761,0.0000281,6.0000000,0.5000000
12.7447885,362.8416540,253.6002501,-2.3127314,0.0000269,6.0000000,0.5000000
13.2021315,362.5361799,253.2637569,-2.3031733,0.0000258,6.0000000,0.5000000
13.6652065,362.2300592,252.9201014,-2.2938869,0.0000248,6.0000000,0.5000000
14.1339598,361.9233419,252.5693627,-2.2848584,0.0000238,6.0000000,0.5000000
14.6083363,361.6160778,252.2116201,-2.2760746,0.0000229,6.0000000,0.5000000
15.0882788,361.3083169,251.8469527,-2.2675232,0.0000220,6.0000000,0.5000000
15.5737287,361.0001092,251.4754396,-2.2591926,0.0000212,6.0000000,0.5000000
16.0646261,360.6915046,251.0971599,-2.2510718,0.0000205,6.0000000,0.5000000
16.5609097,360.3825532,250.7121928,-2.2431503,0.0000197,6.0000000,0.5000000
17.0625167,360.0733048,250.3206174,-2.2354182,0.0000191,6.0000000,0.5000000
17.5693833,359.7638094,249.9225128,-2.2278663,0.0000184,6.0000000,0.5000000
18.0814446,359.4541170,249.5179583,-2.2204857,0.0000178,6.0000000,0.5000000
18.5986348,359.1442775,249.1070329,-2.2132681,0.0000173,6.0000000,0.5000000
19.1208867,358.8343409,248.6898157,-2.2062056,0.0000167,6.0000000,0.5000000
19.6481327,358.5243571,248.2663860,-2.1992906,0.0000162,6.0000000,0.5000000
20.1803039,358.2143762,247.8368228,-2.1925159,0.0000158,6.0000000,0.5000000
20.7173310,357.9044480,247.4012053,-2.1858749,0.0000153,6.0000000,0.5000000
21.2591436,357.5946226,246.9596126,-2.1793610,0.0000149,6.0000000,0.5000000
21.8056709,357.2849498,246.5121239,-2.1729682,0.0000145,6.0000000,0.5000000
22.3568413,356.9754797,246.0588183,-2.1666905,0.0000141,6.0000000,0.5000000
22.9125825,356.6662622,245.5997749,-2.1605224,0.0000138,6.0000000,0.5000000
23.4728218,356.3573472,245.1350729,-2.1544586,0.0000134,6.0000000,0.5000000
24.0374860,356.0487847,244.6647914,-2.1484941,0.0000131,6.0000000,0.5000000
24.6065011,355.7406247,244.1890096,-2.1426239,0.0000128,6.0000000,0.5000000
25.1797929,355.4329171,243.7078066,-2.1368435,0.0000125,6.0000000,0.5000000
25.7572867,355.1257120,243.2212615,-2.1311484,0.0000123,6.0000000,0.5000000
26.3389074,354.8190591,242.7294535,-2.1255345,0.0000120,6.0000000,0.5000000
26.9245795,354.5130086,242.2324617,-2.1199976,0.0000118,6.0000000,0.5000000
27.5142270,354.2076103,241.7303653,-2.1145339,0.0000115,6.0000000,0.5000000
28.1077738,353.9029143,241.2232433,-2.1091396,0.0000113,6.0000000,0.5000000
28.7051435,353.5989704,240.7111750,-2.1038112,0.0000111,6.0000000,0.5000000
29.3062591,353.2958287,240.1942394,-2.0985452,0.0000109,6.0000000,0.5000000
29.9110438,352.9935391,239.6725158,-2.0933383,0.0000107,6.0000000,0.5000000
30.5194201,352.6921515,239.1460831,-2.0881872,0.0000105,6.0000000,0.5000000
31.1313105,352.3917159,238.6150207,-2.0830891,0.0000104,6.0000000,0.5000000
31.7466374,352.0922823,238.0794076,-2.0780407,0.0000102,6.0000000,0.5000000
32.3653229,351.7939006,237.5393229,-2.0730394,0.0000101,6.0000000,0.5000000
32.9872888,351.4966208,236.9948459,-2.0680823,0.0000099,6.0000000,0.5000000
33.6124569,351.2004929,236.4460555,-2.0631668,0.0000098,6.0000000,0.5000000
34.2407489,350.9055667,235.8930311,-2.0582903,0.0000097,6.0000000,0.5000000
34.8720863,350.6118923,235.3358516,-2.0534501,0.0000096,6.0000000,0.5000000
35.5063904,350.3195196,234.7745964,-2.0486441,0.0000095,6.0000000,0.5000000
36.1435826,350.0284986,234.2093444,-2.0438696,0.0000093,6.0000000,0.5000000
36.7835840,349.7388793,233.6401748,-2.0391246,0.0000093,6.0000000,0.5000000
37.4263160,349.4507115,233.0671668,-2.0344066,0.0000092,6.0000000,0.5000000
38.0716994,349.1640453,232.4903995,-2.0297136,0.0000091,6.0000000,0.5000000
38.7196556,348.8789305,231.9099521,-2.0250434,0.0000090,6.0000000,0.5000000
39.3701053,348.5954173,231.3259036,-2.0203940,0.0000089,6.0000000,0.5000000
40.0229698,348.3135555,230.7383333,-2.0157632,0.0000089,6.0000000,0.5000000
40.6781699,348.0333950,230.1473202,-2.0111492,0.0000088,6.0000000,0.5000000
41.3356267,347.7549859,229.5529435,-2.0065500,0.0000087,6.0000000,0.5000000
41.9952613,347.4783781,228.9552824,-2.0019638,0.0000087,6.0000000,0.5000000
42.6569947,347.2036216,228.3544159,-1.9973885,0.0000086,6.0000000,0.5000000
43.3207480,346.9307662,227.7504233,-1.9928224,0.0000086,6.0000000,0.5000000
43.9864423,346.6598621,227.1433836,-1.9882638,0.0000086,6.0000000,0.5000000
44.6539990,346.3909590,226.5333760,-1.9837108,0.0000085,6.0000000,0.5000000
45.3233392,346.1241071,225.9204796,-1.9791616,0.0000085,6.0000000,0.5000000
45.9943844,345.8593562,225.3047736,-1.9746146,0.0000085,6.0000000,0.5000000
46.6670560,345.5967563,224.6863371,-1.9700681,0.0000085,6.0000000,0.5000000
47.3412756,345.3363574,224.0652492,-1.9655203,0.0000084,6.0000000,0.5000000
48.0169649,345.0782094,223.4415892,-1.9609697,0.0000084,6.0000000,0.5000000
48.6940457,344.8223622,222.8154360,-1.9564145,0.0000084,6.0000000,0.5000000
49.3724399,344.5688659,222.1868690,-1.9518530,0.0000084,6.0000000,0.5000000
50.0520697,344.3177704,221.5559671,-1.9472838,0.0000084,6.0000000,0.5000000
50.7328572,344.0691257,220.9228095,-1.9427051,0.0000084,6.0000000,0.5000000
51.4147250,343.8229817,220.2874755,-1.9381154,0.0000084,6.0000000,0.5000000
52.0975956,343.5793883,219.6500440,-1.9335130,0.0000084,6.0000000,0.5000000
52.7813919,343.3383956,219.0105944,-1.9288963,0.0000085,6.0000000,0.5000000
53.4660367,343.1000534,218.3692056,-1.9242638,0.0000085,6.0000000,0.5000000
54.1514534,342.8644118,217.7259568,-1.9196138,0.0000085,6.0000000,0.5000000
54.8375653,342.6315208,217.0809272,-1.9149448,0.0000085,6.0000000,0.5000000
55.5242961,342.4014301,216.4341960,-1.9102551,0.0000086,6.0000000,0.5000000
56.2115698,342.1741899,215.7858421,-1.9055431,0.0000086,6.0000000,0.5000000
56.8993105,341.9498501,215.1359449,-1.9008072,0.0000086,6.0000000,0.5000000
57.5874426,341.7284606,214.4845834,-1.8960459,0.0000087,6.0000000,0.5000000
58.2758910,341.5100713,213.8318367,-1.8912574,0.0000087,6.0000000,0.5000000
58.9645805,341.2947324,213.1777841,-1.8864401,0.0000088,6.0000000,0.5000000
59.6534367,341.0824936,212.5225046,-1.8815924,0.0000088,6.0000000,0.5000000
60.3423851,340.8734051,211.8660773,-1.8767126,0.0000089,6.0000000,0.5000000
61.0313518,340.6675166,211.2085815,-1.8717990,0.0000090,6.0000000,0.5000000
61.7202631,340.4648782,210.5500963,-1.8668500,0.0000090,6.0000000,0.5000000
62.4090457,340.2655399,209.8907007,-1.8618637,0.0000091,6.0000000,0.5000000
63.0976268,340.0695516,209.2304740,-1.8568386,0.0000092,6.0000000,0.5000000
63.7859339,339.8769632,208.5694953,-1.8517728,0.0000092,6.0000000,0.5000000
64.4738948,339.6878247,207.9078437,-1.8466646,0.0000093,6.0000000,0.5000000
65.1614381,339.5021861,207.2455983,-1.8415121,0.0000094,6.0000000,0.5000000
65.8484923,339.3200974,206.5828383,-1.8363136,0.0000095,6.0000000,0.5000000
66.5349869,339.1416084,205.9196428,-1.8310672,0.0000096,6.0000000,0.5000000
67.2208515,338.9667692,205.2560910,-1.8257710,0.0000097,6.0000000,0.5000000
67.9060164,338.7956297,204.5922620,-1.8204230,0.0000098,6.0000000,0.5000000
68.5904123,338.6282399,203.9282350,-1.8150214,0.0000099,6.0000000,0.5000000
69.2739707,338.4646497,203.2640890,-1.8095642,0.0000100,6.0000000,0.5000000
69.9566232,338.3049090,202.5999033,-1.8040494,0.0000102,6.0000000,0.5000000
70.6383025,338.1490679,201.9357569,-1.7984749,0.0000103,6.0000000,0.5000000
71.3189414,337.9971763,201.2717290,-1.7928387,0.0000104,6.0000000,0.5000000
71.9984738,337.8492842,200.6078987,-1.7871386,0.0000106,6.0000000,0.5000000
72.6768338,337.7054415,199.9443453,-1.7813724,0.0000107,6.0000000,0.5000000
73.3539565,337.5656981,199.2811477,-1.7755380,0.0000108,6.0000000,0.5000000
74.0297776,337.4301041,198.6183852,-1.7696331,0.0000110,6.0000000,0.5000000
74.7042335,337.2987093,197.9561369,-1.7636554,0.0000112,6.0000000,0.5000000
75.3772614,337.1715638,197.2944819,-1.7576026,0.0000113,6.0000000,0.5000000
76.0487991,337.0487176,196.6334993,-1.7514723,0.0000115,6.0000000,0.5000000
76.7187854,336.9302204,195.9732684,-1.7452621,0.0000117,6.0000000,0.5000000
77.3871599,336.8161224,195.3138683,-1.7389693,0.0000119,6.0000000,0.5000000
78.0538631,336.7064735,194.6553780,-1.7325916,0.0000121,6.0000000,0.5000000
78.7188362,336.6013236,193.9978767,-1.7261263,0.0000123,6.0000000,0.5000000
79.3820215,336.5007227,193.3414436,-1.7195707,0.0000125,6.0000000,0.5000000
80.0433623,336.4047208,192.6861578,-1.7129222,0.0000127,6.0000000,0.5000000
80.7028028,336.3133677,192.0320984,-1.7061778,0.0000129,6.0000000,0.5000000
81.3602883,336.2267136,191.3793447,-1.6993349,0.0000131,6.0000000,0.5000000
82.0157652,336.1448082,190.7279756,-1.6923906,0.0000134,6.0000000,0.5000000
82.6691808,336.0677017,190.0780704,-1.6853417,0.0000136,6.0000000,0.5000000
83.3204839,335.9954439,189.4297081,-1.6781854,0.0000139,6.0000000,0.5000000
83.9696243,335.9280848,188.7829681,-1.6709184,0.0000141,6.0000000,0.5000000
84.6165530,335.8656743,188.1379292,-1.6635378,0.0000144,6.0000000,0.5000000
85.2612225,335.8082625,187.4946708,-1.6560401,0.0000147,6.0000000,0.5000000
85.9035864,335.7558992,186.8532720,-1.6484222,0.0000150,6.0000000,0.5000000
86.5435999,335.7086345,186.2138118,-1.6406806,0.0000153,6.0000000,0.5000000
87.1812195,335.6665183,185.5763694,-1.6328119,0.0000156,6.0000000,0.5000000
87.8164033,335.6296005,184.9410240,-1.6248126,0.0000159,6.0000000,0.5000000
88.4491108,335.5979312,184.3078547,-1.6166791,0.0000162,6.0000000,0.5000000
89.0793034,335.5715602,183.6769407,-1.6084077,0.0000166,6.0000000,0.5000000
89.7069438,335.5505375,183.0483610,-1.5999948,0.0000169,6.0000000,0.5000000
90.3319968,335.5349131,182.4221949,-1.5914365,0.0000173,6.0000000,0.5000000
90.9544382,335.5247368,181.7985213,-1.5827438,0.0000176,6.0000000,0.5000000
91.5742753,335.5200402,181.1774009,-1.5739610,0.0000178,6.0000000,0.5000000
92.1915394,335.5208136,180.5588533,-1.5651247,0.0000180,6.0000000,0.5000000
92.8062650,335.5270419,179.9428925,-1.5562395,0.0000181,6.0000000,0.5000000
93.4184865,335.5387099,179.3295325,-1.5473054,0.0000183,6.0000000,0.5000000
94.0282388,335.5558025,178.7187872,-1.5383228,0.0000185,6.0000000,0.5000000
94.6355569,335.5783045,178.1106708,-1.5292919,0.0000187,6.0000000,0.5000000
95.2404758,335.6062008,177.5051972,-1.5202129,0.0000188,6.0000000,0.5000000
95.8430310,335.6394762,176.9023804,-1.5110860,0.0000190,6.0000000,0.5000000
96.4432580,335.6781156,176.3022345,-1.5019116,0.0000192,6.0000000,0.5000000
97.0411927,335.7221038,175.7047733,-1.4926899,0.0000194,6.0000000,0.5000000
97.6368709,335.7714257,175.1100111,-1.4834214,0.0000195,6.0000000,0.5000000
98.2303288,335.8260661,174.5179616,-1.4741063,0.0000197,6.0000000,0.5000000
98.8216029,335.8860099,173.9286391,-1.4647451,0.0000199,6.0000000,0.5000000
99.4107295,335.9512419,173.3420574,-1.4553380,0.0000200,6.0000000,0.5000000
99.9977454,336.0217469,172.7582306,-1.4458857,0.0000202,6.0000000,0.5000000
100.5826876,336.0975099,172.1771726,-1.4363884,0.0000204,6.0000000,0.5000000
101.1655931,336.1785157,171.5988976,-1.4268467,0.0000205,6.0000000,0.5000000
101.7464993,336.2647490,171.0234194,-1.4172610,0.0000207,6.0000000,0.5000000
102.3254435,336.3561949,170.4507521,-1.4076319,0.0000209,6.0000000,0.5000000
102.9024634,336.4528380,169.8809098,-1.3979600,0.0000210,6.0000000,0.5000000
103.4775969,336.5546634,169.3139064,-1.3882457,0.0000212,6.0000000,0.5000000
104.0508819,336.6616557,168.7497559,-1.3784896,0.0000213,6.0000000,0.5000000
104.6223565,336.7737999,168.1884723,-1.3686925,0.0000215,6.0000000,0.5000000
105.1920591,336.8910809,167.6300697,-1.3588548,0.0000217,6.0000000,0.5000000
105.7600282,337.0134833,167.0745620,-1.3489773,0.0000218,6.0000000,0.5000000
106.3263024,337.1409923,166.5219633,-1.3390607,0.0000220,6.0000000,0.5000000
106.8909205,337.2735924,165.9722875,-1.3291056,0.0000221,6.0000000,0.5000000
107.4539213,337.4112687,165.4255487,-1.3191129,0.0000223,6.0000000,0.5000000
108.0153441,337.5540060,164.8817609,-1.3090832,0.0000224,6.0000000,0.5000000
108.5752281,337.7017890,164.3409381,-1.2990173,0.0000225,6.0000000,0.5000000
109.1336126,337.8546028,163.8030943,-1.2889160,0.0000227,6.0000000,0.5000000
109.6905371,338.0124320,163.2682435,-1.2787802,0.0000228,6.0000000,0.5000000
110.2460412,338.1752616,162.7363996,-1.2686107,0.0000229,6.0000000,0.5000000
110.8001647,338.3430764,162.2075768,-1.2584084,0.0000231,6.0000000,0.5000000
111.3529476,338.5158613,161.6817891,-1.2481741,0.0000232,6.0000000,0.5000000
111.9044297,338.6936011,161.1590503,-1.2379088,0.0000233,6.0000000,0.5000000
112.4546511,338.8762806,160.6393746,-1.2276135,0.0000235,6.0000000,0.5000000
113.0036521,339.0638848,160.1227760,-1.2172890,0.0000236,6.0000000,0.5000000
113.5514730,339.2563984,159.6092684,-1.2069363,0.0000237,6.0000000,0.5000000
114.0981541,339.4538063,159.0988658,-1.1965565,0.0000238,6.0000000,0.5000000
114.6437359,339.6560934,158.5915823,-1.1861506,0.0000239,6.0000000,0.5000000
115.1882590,339.8632445,158.0874320,-1.1757196,0.0000240,6.0000000,0.5000000
115.7317640,340.0752444,157.5864286,-1.1652645,0.0000241,6.0000000,0.5000000
116.2742915,340.2920781,157.0885864,-1.1547864,0.0000242,6.0000000,0.5000000
116.8158824,340.5137303,156.5939193,-1.1442865,0.0000243,6.0000000,0.5000000
117.3565775,340.7401859,156.1024413,-1.1337657,0.0000244,6.0000000,0.5000000
117.8964176,340.9714298,155.6141664,-1.1232253,0.0000245,6.0000000,0.5000000
118.4354436,341.2074468,155.1291086,-1.1126663,0.0000245,6.0000000,0.5000000
118.9736964,341.4482217,154.6472820,-1.1020899,0.0000246,6.0000000,0.5000000
119.5112170,341.6937394,154.1687004,-1.0914973,0.0000247,6.0000000,0.5000000
120.0480464,341.9439848,153.6933781,-1.0808896,0.0000247,6.0000000,0.5000000
120.5842256,342.1989427,153.2213289,-1.0702680,0.0000248,6.0000000,0.5000000
121.1197956,342.4585979,152.7525668,-1.0596337,0.0000249,6.0000000,0.5000000
121.6547974,342.7229354,152.2871059,-1.0489879,0.0000249,6.0000000,0.5000000
122.1892720,342.9919399,151.8249602,-1.0383317,0.0000250,6.0000000,0.5000000
122.7232603,343.2655963,151.3661437,-1.0276665,0.0000250,6.0000000,0.5000000
123.2568034,343.5438894,150.9106703,-1.0169934,0.0000250,6.0000000,0.5000000
123.7899422,343.8268042,150.4585542,-1.0063136,0.0000251,6.0000000,0.5000000
124.3227176,344.1143254,150.0098092,-0.9956284,0.0000251,6.0000000,0.5000000
124.8551704,344.4064379,149.5644495,-0.9849390,0.0000251,6.0000000,0.5000000
125.3873415,344.7031265,149.1224890,-0.9742467,0.0000251,6.0000000,0.5000000
125.9192715,345.0043761,148.6839417,-0.9635526,0.0000252,6.0000000,0.5000000
126.4510013,345.3101716,148.2488216,-0.9528580,0.0000252,6.0000000,0.5000000
126.9825714,345.6204978,147.8171428,-0.9421641,0.0000252,6.0000000,0.5000000
127.5140223,345.9353395,147.3889193,-0.9314721,0.0000252,6.0000000,0.5000000
128.0453946,346.2546817,146.9641650,-0.9207834,0.0000252,6.0000000,0.5000000
128.5767285,346.5785091,146.5428939,-0.9100990,0.0000252,6.0000000,0.5000000
129.1080644,346.9068065,146.1251201,-0.8994202,0.0000251,6.0000000,0.5000000
129.6394424,347.2395589,145.7108577,-0.8887482,0.0000251,6.0000000,0.5000000
130.1709026,347.5767511,145.3001205,-0.8780843,0.0000251,6.0000000,0.5000000
130.7024848,347.9183680,144.8929226,-0.8674295,0.0000251,6.0000000,0.5000000
131.2342290,348.2643943,144.4892779,-0.8567852,0.0000250,6.0000000,0.5000000
131.7661747,348.6148150,144.0892007,-0.8461524,0.0000250,6.0000000,0.5000000
132.2983615,348.9696149,143.6927047,-0.8355323,0.0000250,6.0000000,0.5000000
132.8308289,349.3287788,143.2998040,-0.8249260,0.0000249,6.0000000,0.5000000
133.3636160,349.6922917,142.9105127,-0.8143348,0.0000249,6.0000000,0.5000000
133.8967620,350.0601382,142.5248447,-0.8037596,0.0000248,6.0000000,0.5000000
134.4303057,350.4323034,142.1428141,-0.7932017,0.0000247,6.0000000,0.5000000
134.9642860,350.8087719,141.7644348,-0.7826621,0.0000247,6.0000000,0.5000000
135.4987414,351.1895288,141.3897209,-0.7721419,0.0000246,6.0000000,0.5000000
136.0337104,351.5745588,141.0186863,-0.7616422,0.0000245,6.0000000,0.5000000
136.5692311,351.9638468,140.6513452,-0.7511639,0.0000245,6.0000000,0.5000000
137.1053416,352.3573777,140.2877114,-0.7407081,0.0000244,6.0000000,0.5000000
137.6420798,352.7551362,139.9277990,-0.7302758,0.0000243,6.0000000,0.5000000
138.1794832,353.1571073,139.5716220,-0.7198680,0.0000242,6.0000000,0.5000000
138.7175894,353.5632757,139.2191944,-0.7094857,0.0000241,6.0000000,0.5000000
139.2564356,353.9736264,138.8705302,-0.6991298,0.0000240,6.0000000,0.5000000
139.7960588,354.3881442,138.5256435,-0.6888011,0.0000239,6.0000000,0.5000000
140.3364958,354.8068139,138.1845482,-0.6785007,0.0000238,6.0000000,0.5000000
140.8777833,355.2296204,137.8472583,-0.6682294,0.0000237,6.0000000,0.5000000
141.4199575,355.6565485,137.5137878,-0.6579880,0.0000236,6.0000000,0.5000000
141.9630546,356.0875831,137.1841509,-0.6477774,0.0000235,6.0000000,0.5000000
142.5071106,356.5227091,136.8583613,-0.6375984,0.0000234,6.0000000,0.5000000
143.0521611,356.9619112,136.5364333,-0.6274518,0.0000233,6.0000000,0.5000000
143.5982416,357.4051744,136.2183807,-0.6173383,0.0000231,6.0000000,0.5000000
144.1453872,357.8524834,135.9042176,-0.6072587,0.0000230,6.0000000,0.5000000
144.6936330,358.3038232,135.5939580,-0.5972136,0.0000229,6.0000000,0.5000000
145.2430136,358.7591785,135.2876159,-0.5872039,0.0000228,6.0000000,0.5000000
145.7935636,359.2185343,134.9852052,-0.5772302,0.0000226,6.0000000,0.5000000
146.3453172,359.6818754,134.6867402,-0.5672930,0.0000225,6.0000000,0.5000000
146.8983082,360.1491866,134.3922346,-0.5573931,0.0000224,6.0000000,0.5000000
147.4525706,360.6204528,134.1017025,-0.5475310,0.0000222,6.0000000,0.5000000
148.0081376,361.0956588,133.8151580,-0.5377072,0.0000221,6.0000000,0.5000000
148.5650426,361.5747894,133.5326150,-0.5279225,0.0000219,6.0000000,0.5000000
149.1233186,362.0578296,133.2540876,-0.5181772,0.0000218,6.0000000,0.5000000
149.6829981,362.5447642,132.9795898,-0.5084719,0.0000217,6.0000000,0.5000000
150.2441137,363.0355780,132.7091355,-0.4988070,0.0000215,6.0000000,0.5000000
150.8066976,363.5302559,132.4427387,-0.4891831,0.0000214,6.0000000,0.5000000
151.3707816,364.0287827,132.1804136,-0.4796005,0.0000212,6.0000000,0.5000000
151.9363975,364.5311433,131.9221740,-0.4700597,0.0000211,6.0000000,0.5000000
152.5035767,365.0373225,131.6680341,-0.4605610,0.0000209,6.0000000,0.5000000
153.0723502,365.5473052,131.4180077,-0.4511048,0.0000208,6.0000000,0.5000000
153.6427490,366.0610762,131.1721089,-0.4416915,0.0000206,6.0000000,0.5000000
154.2148038,366.5786204,130.9303518,-0.4323213,0.0000205,6.0000000,0.5000000
154.7885448,367.0999226,130.6927503,-0.4229947,0.0000203,6.0000000,0.5000000
155.3640022,367.6249677,130.4593184,-0.4137118,0.0000201,6.0000000,0.5000000
155.9412059,368.1537405,130.2300702,-0.4044729,0.0000200,6.0000000,0.5000000
156.5201854,368.6862259,130.0050196,-0.3952783,0.0000198,6.0000000,0.5000000
157.1009701,369.2224087,129.7841807,-0.3861281,0.0000197,6.0000000,0.5000000
157.6835890,369.7622737,129.5675674,-0.3770227,0.0000195,6.0000000,0.5000000
158.2680711,370.3058059,129.3551938,-0.3679621,0.0000194,6.0000000,0.5000000
158.8544447,370.8529901,129.1470739,-0.3589465,0.0000192,6.0000000,0.5000000
159.4427384,371.4038110,128.9432216,-0.3499761,0.0000190,6.0000000,0.5000000
160.0329800,371.9582537,128.7436511,-0.3410510,0.0000189,6.0000000,0.5000000
160.6251975,372.5163028,128.5483762,-0.3321713,0.0000187,6.0000000,0.5000000
161.2194185,373.0779434,128.3574111,-0.3233371,0.0000186,6.0000000,0.5000000
161.8156701,373.6431601,128.1707697,-0.3145484,0.0000184,6.0000000,0.5000000
162.4139796,374.2119379,127.9884660,-0.3058054,0.0000182,6.0000000,0.5000000
163.0143737,374.7842616,127.8105140,-0.2971081,0.0000181,6.0000000,0.5000000
163.6168790,375.3601161,127.6369278,-0.2884564,0.0000179,6.0000000,0.5000000
164.2215219,375.9394862,127.4677213,-0.2798505,0.0000178,6.0000000,0.5000000
164.8283285,376.5223568,127.3029086,-0.2712903,0.0000176,6.0000000,0.5000000
165.4373247,377.1087127,127.1425036,-0.2627758,0.0000175,6.0000000,0.5000000
166.0485361,377.6985387,126.9865204,-0.2543069,0.0000173,6.0000000,0.5000000
166.6619882,378.2918198,126.8349730,-0.2458837,0.0000171,6.0000000,0.5000000
167.2777060,378.8885407,126.6878753,-0.2375061,0.0000170,6.0000000,0.5000000
167.8957147,379.4886864,126.5452415,-0.2291739,0.0000168,6.0000000,0.5000000
168.5160388,380.0922416,126.4070854,-0.2208872,0.0000167,6.0000000,0.5000000
169.1387030,380.6991912,126.2734212,-0.2126459,0.0000165,6.0000000,0.5000000
169.7637314,381.3095200,126.1442627,-0.2044497,0.0000164,6.0000000,0.5000000
170.3911483,381.9232130,126.0196241,-0.1962987,0.0000162,6.0000000,0.5000000
171.0209775,382.5402550,125.8995193,-0.1881928,0.0000161,6.0000000,0.5000000
171.6532425,383.1606307,125.7839623,-0.1801316,0.0000159,6.0000000,0.5000000
172.2879669,383.7843251,125.6729672,-0.1721153,0.0000158,6.0000000,0.5000000
172.9251739,384.4113230,125.5665480,-0.1641435,0.0000156,6.0000000,0.5000000
173.5648866,385.0416093,125.4647186,-0.1562161,0.0000155,6.0000000,0.5000000
174.2071276,385.6751688,125.3674930,-0.1483330,0.0000153,6.0000000,0.5000000
174.8519198,386.3119863,125.2748854,-0.1404940,0.0000152,6.0000000,0.5000000
175.4992855,386.9520468,125.1869096,-0.1326989,0.0000150,6.0000000,0.5000000
176.1492470,387.5953350,125.1035797,-0.1249475,0.0000149,6.0000000,0.5000000
176.8018263,388.2418358,125.0249097,-0.1172397,0.0000147,6.0000000,0.5000000
177.4570453,388.8915340,124.9509136,-0.1095752,0.0000146,6.0000000,0.5000000
178.1149256,389.5444146,124.8816054,-0.1019537,0.0000145,6.0000000,0.5000000
178.7754889,390.2004623,124.8169991,-0.0943752,0.0000143,6.0000000,0.5000000
179.4387563,390.8596620,124.7571088,-0.0868394,0.0000142,6.0000000,0.5000000
180.1047492,391.5219986,124.7019484,-0.0793460,0.0000140,6.0000000,0.5000000
180.7734883,392.1874569,124.6515319,-0.0718949,0.0000139,6.0000000,0.5000000
181.4449945,392.8560217,124.6058734,-0.0644857,0.0000138,6.0000000,0.5000000
182.1192881,393.5276780,124.5649868,-0.0571187,0.0000136,6.0000000,0.5000000
182.7963742,394.2024097,124.5288857,-0.0498116,0.0000134,6.0000000,0.5000000
183.4762233,394.8801704,124.4975613,-0.0426027,0.0000132,6.0000000,0.5000000
184.1587845,395.5608741,124.4709764,-0.0355130,0.0000129,6.0000000,0.5000000
184.8440044,396.2444321,124.4490919,-0.0285406,0.0000126,6.0000000,0.5000000
185.5318281,396.9307557,124.4318685,-0.0216823,0.0000124,6.0000000,0.5000000
186.2221997,397.6197562,124.4192671,-0.0149346,0.0000121,6.0000000,0.5000000
186.9150620,398.3113449,124.4112485,-0.0082944,0.0000119,6.0000000,0.5000000
187.6103567,399.0054332,124.4077735,-0.0017587,0.0000117,6.0000000,0.5000000
188.3080244,399.7019322,124.4088029,0.0046757,0.0000115,6.0000000,0.5000000
189.0080046,400.4007533,124.4142976,0.0110115,0.0000112,6.0000000,0.5000000
189.7102361,401.1018078,124.4242183,0.0172519,0.0000110,6.0000000,0.5000000
190.4146562,401.8050071,124.4385259,0.0233994,0.0000108,6.0000000,0.5000000
191.1212016,402.5102624,124.4571813,0.0294569,0.0000107,6.0000000,0.5000000
191.8298082,403.2174850,124.4801452,0.0354270,0.0000105,6.0000000,0.5000000
192.5404107,403.9265863,124.5073784,0.0413123,0.0000103,6.0000000,0.5000000
193.2529432,404.6374774,124.5388418,0.0471155,0.0000101,6.0000000,0.5000000
193.9673390,405.3500699,124.5744961,0.0528388,0.0000100,6.0000000,0.5000000
194.6835304,406.0642748,124.6143023,0.0584849,0.0000098,6.0000000,0.5000000
195.4014491,406.7800036,124.6582211,0.0640560,0.0000096,6.0000000,0.5000000
196.1210262,407.4971676,124.7062134,0.0695544,0.0000095,6.0000000,0.5000000
196.8421918,408.2156780,124.7582399,0.0749824,0.0000094,6.0000000,0.5000000
197.5648757,408.9354462,124.8142615,0.0803422,0.0000092,6.0000000,0.5000000
198.2890067,409.6563834,124.8742390,0.0856359,0.0000091,6.0000000,0.5000000
199.0145132,410.3784010,124.9381332,0.0908657,0.0000090,6.0000000,0.5000000
199.7413228,411.1014102,125.0059050,0.0960337,0.0000088,6.0000000,0.5000000
200.4693628,411.8253225,125.0775151,0.1011417,0.0000087,6.0000000,0.5000000
201.1985597,412.5500490,125.1529244,0.1061918,0.0000086,6.0000000,0.5000000
201.9288396,413.2755011,125.2320938,0.1111860,0.0000085,6.0000000,0.5000000
202.6601279,414.0015900,125.3149839,0.1161261,0.0000084,6.0000000,0.5000000
203.3923498,414.7282272,125.4015557,0.1210140,0.0000083,6.0000000,0.5000000
204.1254296,415.4553238,125.4917699,0.1258515,0.0000082,6.0000000,0.5000000
204.8592916,416.1827913,125.5855874,0.1306404,0.0000081,6.0000000,0.5000000
205.5938593,416.9105408,125.6829690,0.1353824,0.0000080,6.0000000,0.5000000
206.3290559,417.6384838,125.7838755,0.1400794,0.0000080,6.0000000,0.5000000
207.0648042,418.3665314,125.8882678,0.1447328,0.0000079,6.0000000,0.5000000
207.8010265,419.0945951,125.9961066,0.1493445,0.0000078,6.0000000,0.5000000
208.5376449,419.8225860,126.1073528,0.1539161,0.0000077,6.0000000,0.5000000
209.2745809,420.5504156,126.2219672,0.1584491,0.0000077,6.0000000,0.5000000
210.0117558,421.2779951,126.3399106,0.1629453,0.0000076,6.0000000,0.5000000
210.7490905,422.0052358,126.4611438,0.1674060,0.0000075,6.0000000,0.5000000
211.4865056,422.7320491,126.5856277,0.1718330,0.0000075,6.0000000,0.5000000
212.2239213,423.4583462,126.7133231,0.1762277,0.0000074,6.0000000,0.5000000
212.9612576,424.1840384,126.8441907,0.1805917,0.0000074,6.0000000,0.5000000
213.6984342,424.9090371,126.9781915,0.1849264,0.0000073,6.0000000,0.5000000
214.4353703,425.6332535,127.1152862,0.1892333,0.0000073,6.0000000,0.5000000
215.1719852,426.3565989,127.2554356,0.1935139,0.0000073,6.0000000,0.5000000
215.9081977,427.0789847,127.3986006,0.1977697,0.0000072,6.0000000,0.5000000
216.6439263,427.8003222,127.5447420,0.2020020,0.0000072,6.0000000,0.5000000
217.3790894,428.5205226,127.6938206,0.2062124,0.0000072,6.0000000,0.5000000
218.1136051,429.2394973,127.8457973,0.2104023,0.0000071,6.0000000,0.5000000
218.8473914,429.9571575,128.0006327,0.2145730,0.0000071,6.0000000,0.5000000
219.5803660,430.6734146,128.1582879,0.2187261,0.0000071,6.0000000,0.5000000
220.3124463,431.3881799,128.3187235,0.2228629,0.0000071,6.0000000,0.5000000
221.0435497,432.1013647,128.4819005,0.2269848,0.0000070,6.0000000,0.5000000
221.7735934,432.8128802,128.6477795,0.2310932,0.0000070,6.0000000,0.5000000
222.5024942,433.5226378,128.8163215,0.2351897,0.0000070,6.0000000,0.5000000
223.2301691,434.2305489,128.9874873,0.2392755,0.0000070,6.0000000,0.5000000
223.9565346,434.9365246,129.1612377,0.2433521,0.0000070,6.0000000,0.5000000
224.6815073,435.6404763,129.3375334,0.2474209,0.0000070,6.0000000,0.5000000
225.4050037,436.3423152,129.5163354,0.2514834,0.0000070,6.0000000,0.5000000
226.1269399,437.0419528,129.6976044,0.2555409,0.0000070,6.0000000,0.5000000
226.8472321,437.7393003,129.8813013,0.2595950,0.0000070,6.0000000,0.5000000
227.5657964,438.4342691,130.0673869,0.2636472,0.0000071,6.0000000,0.5000000
228.2825487,439.1267703,130.2558219,0.2676988,0.0000071,6.0000000,0.5000000
228.9974049,439.8167153,130.4465673,0.2717514,0.0000071,6.0000000,0.5000000
229.7102808,440.5040155,130.6395838,0.2758065,0.0000071,6.0000000,0.5000000
230.4210920,441.1885821,130.8348323,0.2798656,0.0000072,6.0000000,0.5000000
231.1297544,441.8703264,131.0322736,0.2839302,0.0000072,6.0000000,0.5000000
231.8361834,442.5491598,131.2318684,0.2880020,0.0000072,6.0000000,0.5000000
232.5402946,443.2249934,131.4335777,0.2920826,0.0000073,6.0000000,0.5000000
233.2420036,443.8977388,131.6373622,0.2961735,0.0000073,6.0000000,0.5000000
233.9412259,444.5673070,131.8431827,0.3002765,0.0000074,6.0000000,0.5000000
234.6378769,445.2336096,132.0510002,0.3043932,0.0000074,6.0000000,0.5000000
235.3318722,445.8965576,132.2607753,0.3085253,0.0000075,6.0000000,0.5000000
236.0231273,446.5560625,132.4724689,0.3126747,0.0000075,6.0000000,0.5000000
236.7115575,447.2120356,132.6860419,0.3168430,0.0000076,6.0000000,0.5000000
237.3970786,447.8643882,132.9014550,0.3210323,0.0000077,6.0000000,0.5000000
238.0796060,448.5130315,133.1186691,0.3252443,0.0000077,6.0000000,0.5000000
238.7590554,449.1578769,133.3376450,0.3294810,0.0000078,6.0000000,0.5000000
239.4353424,449.7988356,133.5583435,0.3337444,0.0000079,6.0000000,0.5000000
240.1083828,450.4358190,133.7807254,0.3380366,0.0000080,6.0000000,0.5000000
240.7780923,451.0687384,134.0047516,0.3423597,0.0000081,6.0000000,0.5000000
241.4443870,451.6975051,134.2303828,0.3467158,0.0000082,6.0000000,0.5000000
242.1071828,452.3220304,134.4575800,0.3511073,0.0000083,6.0000000,0.5000000
242.7663958,452.9422256,134.6863038,0.3555364,0.0000084,6.0000000,0.5000000
243.4219423,453.5580020,134.9165152,0.3600055,0.0000086,6.0000000,0.5000000
244.0737387,454.1692708,135.1481749,0.3645172,0.0000087,6.0000000,0.5000000
244.7217016,454.7759435,135.3812438,0.3690740,0.0000088,6.0000000,0.5000000
245.3657477,455.3779313,135.6156826,0.3736786,0.0000090,6.0000000,0.5000000
246.0057939,455.9751455,135.8514523,0.3783337,0.0000092,6.0000000,0.5000000
246.6417573,456.5674974,136.0885136,0.3830422,0.0000093,6.0000000,0.5000000
247.2735554,457.1548983,136.3268273,0.3878072,0.0000095,6.0000000,0.5000000
247.9011057,457.7372595,136.5663543,0.3926317,0.0000097,6.0000000,0.5000000
248.5243261,458.3144924,136.8070554,0.3975190,0.0000099,6.0000000,0.5000000
249.1431347,458.8865082,137.0488913,0.4024724,0.0000101,6.0000000,0.5000000
249.7574499,459.4532182,137.2918230,0.4074955,0.0000103,6.0000000,0.5000000
250.3671905,460.0145338,137.5358113,0.4125919,0.0000105,6.0000000,0.5000000
250.9722757,460.5703662,137.7808169,0.4177656,0.0000108,6.0000000,0.5000000
251.5726249,461.1206268,138.0268007,0.4230205,0.0000110,6.0000000,0.5000000
252.1681579,461.6652268,138.2737234,0.4283608,0.0000113,6.0000000,0.5000000
252.7587952,462.2040775,138.5215460,0.4337910,0.0000116,6.0000000,0.5000000
253.3444574,462.7370903,138.7702293,0.4393156,0.0000119,6.0000000,0.5000000
253.9250659,463.2641765,139.0197340,0.4449396,0.0000122,6.0000000,0.5000000
254.5005424,463.7852473,139.2700209,0.4506680,0.0000126,6.0000000,0.5000000
255.0708092,464.3002141,139.5210510,0.4565062,0.0000129,6.0000000,0.5000000
255.6357893,464.8089882,139.7727850,0.4624597,0.0000133,6.0000000,0.5000000
256.1954063,465.3114808,140.0251837,0.4685347,0.0000137,6.0000000,0.5000000
256.7495844,465.8076033,140.2782079,0.4747373,0.0000142,6.0000000,0.5000000
257.2982485,466.2972670,140.5318186,0.4810740,0.0000146,6.0000000,0.5000000
257.8413246,466.7803832,140.7859764,0.4875520,0.0000151,6.0000000,0.5000000
258.3787391,467.2568632,141.0406423,0.4941784,0.0000156,6.0000000,0.5000000
258.9104195,467.7266182,141.2957769,0.5009611,0.0000162,6.0000000,0.5000000
259.4362943,468.1895597,141.5513413,0.5079083,0.0000167,6.0000000,0.5000000
259.9562929,468.6455989,141.8072961,0.5150287,0.0000174,6.0000000,0.5000000
260.4703459,469.0946470,142.0636021,0.5223315,0.0000180,6.0000000,0.5000000
260.9783850,469.5366155,142.3202203,0.5298265,0.0000187,6.0000000,0.5000000
261.4803432,469.9714156,142.5771115,0.5375241,0.0000195,6.0000000,0.5000000
261.9761547,470.3989586,142.8342363,0.5454352,0.0000203,6.0000000,0.5000000
262.4657555,470.8191558,143.0915558,0.5535715,0.0000211,6.0000000,0.5000000
262.9490826,471.2319185,143.3490306,0.5619455,0.0000220,6.0000000,0.5000000
263.4260752,471.6371581,143.6066216,0.5705705,0.0000230,6.0000000,0.5000000
263.8966740,472.0347858,143.8642897,0.5794605,0.0000240,6.0000000,0.5000000
264.3608217,472.4247129,144.1219956,0.5886305,0.0000251,6.0000000,0.5000000
264.8184631,472.8068508,144.3797002,0.5980965,0.0000263,6.0000000,0.5000000
265.2695451,473.1811107,144.6373642,0.6078757,0.0000276,6.0000000,0.5000000
265.7140171,473.5474039,144.8949486,0.6179863,0.0000290,6.0000000,0.5000000
266.1518313,473.9056418,145.1524141,0.6284477,0.0000304,6.0000000,0.5000000
266.5829424,474.2557357,145.4097215,0.6392807,0.0000320,6.0000000,0.5000000
267.0073083,474.5975968,145.6668317,0.6505077,0.0000337,6.0000000,0.5000000
267.4248902,474.9311365,145.9237054,0.6621525,0.0000356,6.0000000,0.5000000
267.8356528,475.2562660,146.1803036,0.6742404,0.0000375,6.0000000,0.5000000
268.2395648,475.5728967,146.4365870,0.6867987,0.0000397,6.0000000,0.5000000
268.6365988,475.8809399,146.6925164,0.6998567,0.0000420,6.0000000,0.5000000
269.0267324,476.1803068,146.9480527,0.7134455,0.0000445,6.0000000,0.5000000
269.4099478,476.4709088,147.2031566,0.7275985,0.0000472,6.0000000,0.5000000
269.7862328,476.7526572,147.4577891,0.7423514,0.0000501,6.0000000,0.5000000
270.1555810,477.0254633,147.7119109,0.7577425,0.0000533,6.0000000,0.5000000
270.5179923,477.2892384,147.9654828,0.7738125,0.0000567,6.0000000,0.5000000
270.8734738,477.5438938,148.2184657,0.7906050,0.0000605,6.0000000,0.5000000
271.2220400,477.7893407,148.4708203,0.8081663,0.0000645,6.0000000,0.5000000
271.5637140,478.0254906,148.7225075,0.8265459,0.0000689,6.0000000,0.5000000
271.8985276,478.2522547,148.9734882,0.8457962,0.0000737,6.0000000,0.5000000
272.2265229,478.4695443,149.2237231,0.8659725,0.0000789,6.0000000,0.5000000
272.5477525,478.6772707,149.4731730,0.8871336,0.0000845,6.0000000,0.5000000
272.8622810,478.8753452,149.7217988,0.9093408,0.0000906,6.0000000,0.5000000
273.1701860,479.0636791,149.9695613,0.9326583,0.0000972,6.0000000,0.5000000
273.4715591,479.2421838,150.2164214,0.9571529,0.0001043,6.0000000,0.5000000
273.7665072,479.4107704,150.4623397,0.9828932,0.0001120,6.0000000,0.5000000
274.0551540,479.5693504,150.7072772,1.0099491,0.0001203,6.0000000,0.5000000
274.3376413,479.7178351,150.9511947,1.0383910,0.0001292,6.0000000,0.5000000
274.6141307,479.8561357,151.1940529,1.0682883,0.0001388,6.0000000,0.5000000
274.8848049,479.9841635,151.4358128,1.0997085,0.0001489,6.0000000,0.5000000
275.1498697,480.1018299,151.6764351,1.1327146,0.0001597,6.0000000,0.5000000
275.4095551,480.2090461,151.9158806,1.1673634,0.0001711,6.0000000,0.5000000
275.6641176,480.3057234,152.1541102,1.2037024,0.0001829,6.0000000,0.5000000
275.9138410,480.3917733,152.3910847,1.2417672,0.0001951,6.0000000,0.5000000
276.1590382,480.4671069,152.6267649,1.2815776,0.0002077,6.0000000,0.5000000
276.4000524,480.5316355,152.8611116,1.3231339,0.0002203,6.0000000,0.5000000
276.6372576,480.5852705,153.0940857,1.3664135,0.0002327,6.0000000,0.5000000
276.8710613,480.6279232,153.3256479,1.4113534,0.0002442,6.0000000,0.5000000
277.1019292,480.6595117,153.5557618,1.4576481,0.0002532,6.0000000,0.5000000
277.3303913,480.6800564,153.7844311,1.5047756,0.0002594,6.0000000,0.5000000
277.5570020,480.6896563,154.0116906,1.5523582,0.0002634,6.0000000,0.5000000
277.7823148,480.6884125,154.2375756,1.6001602,0.0002655,6.0000000,0.5000000
278.0068772,480.6764261,154.4621218,1.6479435,0.0002656,6.0000000,0.5000000
278.2312274,480.6537981,154.6853646,1.6954700,0.0002638,6.0000000,0.5000000
278.4558901,480.6206297,154.9073395,1.7425087,0.0002601,6.0000000,0.5000000
278.6813732,480.5770220,155.1280821,1.7888418,0.0002547,6.0000000,0.5000000
278.9081645,480.5230759,155.3476277,1.8342702,0.0002477,6.0000000,0.5000000
279.1367294,480.4588927,155.5660121,1.8786178,0.0002395,6.0000000,0.5000000
279.3675085,480.3845733,155.7832706,1.9217341,0.0002302,6.0000000,0.5000000
279.6009164,480.3002189,155.9994387,1.9634958,0.0002200,6.0000000,0.5000000
279.8373403,480.2059305,156.2145519,2.0038071,0.0002094,6.0000000,0.5000000
280.0771403,480.1018092,156.4286459,2.0425982,0.0001984,6.0000000,0.5000000
280.3206485,479.9879561,156.6417559,2.0798239,0.0001872,6.0000000,0.5000000
280.5681699,479.8644723,156.8539177,2.1154611,0.0001762,6.0000000,0.5000000
280.8199831,479.7314589,157.0651666,2.1495058,0.0001653,6.0000000,0.5000000
281.0763410,479.5890169,157.2755381,2.1819706,0.0001547,6.0000000,0.5000000
281.3374721,479.4372474,157.4850679,2.2128813,0.0001445,6.0000000,0.5000000
281.6035817,479.2762516,157.6937913,2.2422746,0.0001348,6.0000000,0.5000000
281.8748533,479.1061304,157.9017439,2.2701956,0.0001255,6.0000000,0.5000000
282.1514499,478.9269850,158.1089611,2.2966953,0.0001168,6.0000000,0.5000000
282.4335150,478.7389164,158.3154786,2.3218291,0.0001086,6.0000000,0.5000000
282.7211749,478.5420257,158.5213317,2.3456549,0.0001009,6.0000000,0.5000000
283.0145389,478.3364141,158.7265560,2.3682319,0.0000938,6.0000000,0.5000000
283.3137012,478.1221825,158.9311870,2.3896197,0.0000871,6.0000000,0.5000000
283.6187419,477.8994321,159.1352602,2.4098772,0.0000809,6.0000000,0.5000000
283.9297282,477.6682640,159.3388111,2.4290623,0.0000752,6.0000000,0.5000000
284.2467153,477.4287792,159.5418752,2.4472309,0.0000698,6.0000000,0.5000000
284.5697473,477.1810788,159.7444880,2.4644373,0.0000649,6.0000000,0.5000000
284.8988583,476.9252639,159.9466850,2.4807332,0.0000603,6.0000000,0.5000000
285.2340731,476.6614356,160.1485018,2.4961681,0.0000561,6.0000000,0.5000000
285.5754080,476.3896949,160.3499737,2.5107889,0.0000522,6.0000000,0.5000000
285.9228715,476.1101430,160.5511364,2.5246402,0.0000486,6.0000000,0.5000000
286.2764650,475.8228809,160.7520252,2.5377639,0.0000452,6.0000000,0.5000000
286.6361829,475.5280096,160.9526758,2.5501997,0.0000421,6.0000000,0.5000000
287.0020141,475.2256304,161.1531237,2.5619849,0.0000393,6.0000000,0.5000000
287.3739415,474.9158442,161.3534042,2.5731544,0.0000366,6.0000000,0.5000000
287.7519431,474.5987522,161.5535530,2.5837412,0.0000341,6.0000000,0.5000000
288.1359920,474.2744554,161.7536056,2.5937760,0.0000318,6.0000000,0.5000000
288.5260573,473.9430549,161.9535974,2.6032878,0.0000297,6.0000000,0.5000000
288.9221037,473.6046517,162.1535639,2.6123037,0.0000277,6.0000000,0.5000000
289.3240924,473.2593471,162.3535406,2.6208489,0.0000259,6.0000000,0.5000000
289.7319814,472.9072419,162.5535632,2.6289472,0.0000242,6.0000000,0.5000000
290.1457252,472.5484375,162.7536669,2.6366208,0.0000226,6.0000000,0.5000000
290.5652756,472.1830347,162.9538875,2.6438904,0.0000211,6.0000000,0.5000000
290.9905819,471.8111347,163.1542603,2.6507757,0.0000197,6.0000000,0.5000000
291.4215907,471.4328385,163.3548208,2.6572946,0.0000184,6.0000000,0.5000000
291.8582465,471.0482474,163.5556046,2.6634644,0.0000172,6.0000000,0.5000000
292.3004914,470.6574622,163.7566472,2.6693010,0.0000161,6.0000000,0.5000000
292.7482661,470.2605842,163.9579841,2.6748194,0.0000150,6.0000000,0.5000000
293.2015090,469.8577144,164.1596508,2.6800335,0.0000140,6.0000000,0.5000000
293.6601570,469.4489538,164.3616827,2.6849566,0.0000131,6.0000000,0.5000000
294.1241458,469.0344036,164.5641154,2.6896009,0.0000122,6.0000000,0.5000000
294.5934091,468.6141648,164.7669844,2.6939780,0.0000113,6.0000000,0.5000000
295.0678799,468.1883386,164.9703252,2.6980987,0.0000105,6.0000000,0.5000000
295.5474895,467.7570259,165.1741733,2.7019733,0.0000098,6.0000000,0.5000000
296.0321684,467.3203279,165.3785641,2.7056112,0.0000091,6.0000000,0.5000000
296.5218459,466.8783457,165.5835333,2.7090214,0.0000084,6.0000000,0.5000000
297.0164507,466.4311803,165.7891163,2.7122123,0.0000078,6.0000000,0.5000000
297.5159101,465.9789329,165.9953486,2.7151919,0.0000072,6.0000000,0.5000000
298.0201510,465.5217044,166.2022657,2.7179674,0.0000066,6.0000000,0.5000000
298.5290995,465.0595961,166.4099031,2.7205461,0.0000061,6.0000000,0.5000000
299.0426809,464.5927089,166.6182963,2.7229342,0.0000056,6.0000000,0.5000000
299.5608202,464.1211439,166.8274809,2.7251381,0.0000051,6.0000000,0.5000000
300.0834414,463.6450023,167.0374923,2.7271636,0.0000046,6.0000000,0.5000000
300.6104683,463.1643850,167.2483660,2.7290159,0.0000042,6.0000000,0.5000000
301.1418243,462.6793933,167.4601375,2.7307004,0.0000038,6.0000000,0.5000000
301.6774322,462.1901282,167.6728424,2.7322217,0.0000034,6.0000000,0.5000000
302.2172145,461.6966906,167.8865161,2.7335843,0.0000030,6.0000000,0.5000000
302.7610934,461.1991819,168.1011941,2.7347926,0.0000026,6.0000000,0.5000000
303.3089909,460.6977029,168.3169120,2.7358505,0.0000022,6.0000000,0.5000000
303.8608286,460.1923548,168.5337052,2.7367617,0.0000019,6.0000000,0.5000000
304.4165279,459.6832387,168.7516093,2.7375298,0.0000016,6.0000000,0.5000000
304.9760103,459.1704557,168.9706597,2.7381579,0.0000013,6.0000000,0.5000000
305.5391967,458.6541068,169.1908920,2.7386493,0.0000009,6.0000000,0.5000000
306.1060083,458.1342931,169.4123417,2.7390068,0.0000006,6.0000000,0.5000000
306.6763660,457.6111157,169.6350442,2.7392331,0.0000004,6.0000000,0.5000000
307.2501907,457.0846757,169.8590351,2.7393307,0.0000001,6.0000000,0.5000000
307.8274034,456.5550741,170.0843498,2.7393020,-0.0000002,6.0000000,0.5000000
308.4079249,456.0224121,170.3110239,2.7391492,-0.0000005,6.0000000,0.5000000
308.9916761,455.4867907,170.5390929,2.7388743,-0.0000007,6.0000000,0.5000000
309.5785780,454.9483110,170.7685923,2.7384792,-0.0000010,6.0000000,0.5000000
310.1685518,454.4070741,170.9995575,2.7379658,-0.0000012,6.0000000,0.5000000
310.7615185,453.8631811,171.2320242,2.7373355,-0.0000015,6.0000000,0.5000000
311.3573996,453.3167330,171.4660277,2.7365901,-0.0000017,6.0000000,0.5000000
311.9561164,452.7678310,171.7016036,2.7357307,-0.0000019,6.0000000,0.5000000
312.5575906,452.2165760,171.9387875,2.7347588,-0.0000021,6.0000000,0.5000000
313.1617441,451.6630692,172.1776147,2.7336754,-0.0000024,6.0000000,0.5000000
313.7684989,451.1074118,172.4181208,2.7324817,-0.0000026,6.0000000,0.5000000
314.3777775,450.5497046,172.6603413,2.7311786,-0.0000028,6.0000000,0.5000000
314.9895023,449.9900489,172.9043117,2.7297669,-0.0000030,6.0000000,0.5000000
315.6035964,449.4285457,173.1500676,2.7282474,-0.0000032,6.0000000,0.5000000
316.2199828,448.8652961,173.3976444,2.7266207,-0.0000034,6.0000000,0.5000000
316.8385852,448.3004012,173.6470775,2.7248876,-0.0000036,6.0000000,0.5000000
317.4593275,447.7339620,173.8984026,2.7230483,-0.0000038,6.0000000,0.5000000
318.0821339,447.1660797,174.1516552,2.7211035,-0.0000040,6.0000000,0.5000000
318.7069292,446.5968552,174.4068706,2.7190533,-0.0000042,6.0000000,0.5000000
319.3336386,446.0263898,174.6640845,2.7168981,-0.0000044,6.0000000,0.5000000
319.9621875,445.4547845,174.9233323,2.7146381,-0.0000046,6.0000000,0.5000000
320.5925020,444.8821403,175.1846496,2.7122733,-0.0000048,6.0000000,0.5000000
321.2245088,444.3085584,175.4480718,2.7098037,-0.0000050,6.0000000,0.5000000
321.8581349,443.7341397,175.7136344,2.7072295,-0.0000052,6.0000000,0.5000000
322.4933078,443.1589855,175.9813730,2.7045504,-0.0000054,6.0000000,0.5000000
323.1299559,442.5831968,176.2513231,2.7017663,-0.0000056,6.0000000,0.5000000
323.7680078,442.0068746,176.5235201,2.6988769,-0.0000058,6.0000000,0.5000000
324.4073930,441.4301201,176.7979995,2.6958820,-0.0000060,6.0000000,0.5000000
325.0480415,440.8530343,177.0747970,2.6927812,-0.0000062,6.0000000,0.5000000
325.6898840,440.2757183,177.3539479,2.6895742,-0.0000064,6.0000000,0.5000000
326.3328519,439.6982733,177.6354877,2.6862603,-0.0000066,6.0000000,0.5000000
326.9768774,439.1208001,177.9194520,2.6828392,-0.0000068,6.0000000,0.5000000
327.6218933,438.5434001,178.2058763,2.6793102,-0.0000070,6.0000000,0.5000000
328.2678332,437.9661741,178.4947961,2.6756726,-0.0000072,6.0000000,0.5000000
328.9146317,437.3892234,178.7862469,2.6719258,-0.0000074,6.0000000,0.5000000
329.5622240,436.8126490,179.0802641,2.6680691,-0.0000076,6.0000000,0.5000000
330.2105462,436.2365519,179.3768834,2.6641016,-0.0000078,6.0000000,0.5000000
330.8595354,435.6610333,179.6761401,2.6600224,-0.0000080,6.0000000,0.5000000
331.5091295,435.0861942,179.9780698,2.6558308,-0.0000082,6.0000000,0.5000000
332.1592675,434.5121358,180.2827080,2.6515256,-0.0000084,6.0000000,0.5000000
332.8098893,433.9389591,180.5900902,2.6471060,-0.0000086,6.0000000,0.5000000
333.4609357,433.3667651,180.9002519,2.6425709,-0.0000088,6.0000000,0.5000000
334.1123487,432.7956550,181.2132287,2.6379191,-0.0000091,6.0000000,0.5000000
334.7640715,432.2257298,181.5290559,2.6331497,-0.0000093,6.0000000,0.5000000
335.4160482,431.6570907,181.8477692,2.6282612,-0.0000095,6.0000000,0.5000000
336.0682241,431.0898386,182.1694039,2.6232527,-0.0000097,6.0000000,0.5000000
336.7205458,430.5240748,182.4939957,2.6181228,-0.0000100,6.0000000,0.5000000
337.3729611,429.9599002,182.8215800,2.6128701,-0.0000102,6.0000000,0.5000000
338.0254191,429.3974160,183.1521924,2.6074934,-0.0000104,6.0000000,0.5000000
338.6778701,428.8367232,183.4858682,2.6019913,-0.0000107,6.0000000,0.5000000
339.3302658,428.2779228,183.8226431,2.5963624,-0.0000109,6.0000000,0.5000000
339.9825594,427.7211161,184.1625526,2.5906053,-0.0000112,6.0000000,0.5000000
340.6347055,427.1664041,184.5056321,2.5847183,-0.0000114,6.0000000,0.5000000
341.2866601,426.6138878,184.8519171,2.5787002,-0.0000117,6.0000000,0.5000000
341.9383808,426.0636683,185.2014432,2.5725493,-0.0000119,6.0000000,0.5000000
342.5898269,425.5158468,185.5542458,2.5662640,-0.0000122,6.0000000,0.5000000
343.2409590,424.9705242,185.9103605,2.5598429,-0.0000125,6.0000000,0.5000000
343.8917397,424.4278018,186.2698227,2.5532843,-0.0000127,6.0000000,0.5000000
344.5421333,423.8877804,186.6326680,2.5465865,-0.0000130,6.0000000,0.5000000
345.1921056,423.3505614,186.9989318,2.5397480,-0.0000133,6.0000000,0.5000000
345.8416245,422.8162456,187.3686498,2.5327672,-0.0000136,6.0000000,0.5000000
346.4906598,422.2849342,187.7418573,2.5256423,-0.0000139,6.0000000,0.5000000
347.1391829,421.7567283,188.1185898,2.5183717,-0.0000142,6.0000000,0.5000000
347.7871676,421.2317290,188.4988830,2.5109539,-0.0000145,6.0000000,0.5000000
348.4345896,420.7100373,188.8827722,2.5033870,-0.0000148,6.0000000,0.5000000
349.0814265,420.1917544,189.2702930,2.4956695,-0.0000151,6.0000000,0.5000000
349.7276584,419.6769812,189.6614809,2.4877998,-0.0000154,6.0000000,0.5000000
350.3732675,419.1658189,190.0563714,2.4797763,-0.0000157,6.0000000,0.5000000
351.0182381,418.6583686,190.4549999,2.4715973,-0.0000160,6.0000000,0.5000000
351.6625571,418.1547314,190.8574021,2.4632613,-0.0000163,6.0000000,0.5000000
352.3062136,417.6550082,191.2636134,2.4547668,-0.0000167,6.0000000,0.5000000
352.9491994,417.1593003,191.6736692,2.4461123,-0.0000170,6.0000000,0.5000000
353.5915087,416.6677087,192.0876052,2.4372964,-0.0000173,6.0000000,0.5000000
354.2331382,416.1803344,192.5054568,2.4283176,-0.0000177,6.0000000,0.5000000
354.8740875,415.6972786,192.9272595,2.4191747,-0.0000180,6.0000000,0.5000000
355.5143587,415.2186423,193.3530488,2.4098665,-0.0000184,6.0000000,0.5000000
356.1539568,414.7445267,193.7828603,2.4003916,-0.0000187,6.0000000,0.5000000
356.7928898,414.2750327,194.2167293,2.3907492,-0.0000191,6.0000000,0.5000000
357.4311682,413.8102615,194.6546915,2.3809380,-0.0000194,6.0000000,0.5000000
358.0688060,413.3503142,195.0967823,2.3709573,-0.0000197,6.0000000,0.5000000
358.7058207,412.8952918,195.5430373,2.3608192,-0.0000200,6.0000000,0.5000000
359.3422382,412.4452827,195.9934812,2.3506318,-0.0000199,6.0000000,0.5000000
359.9780913,412.0002820,196.4480601,2.3405342,-0.0000197,6.0000000,0.5000000
360.6134127,411.5602425,196.9066847,2.3305703,-0.0000195,6.0000000,0.5000000
361.2482321,411.1251171,197.3692655,2.3207411,-0.0000192,6.0000000,0.5000000
361.8825769,410.6948587,197.8357131,2.3110474,-0.0000190,6.0000000,0.5000000
362.5164715,410.2694199,198.3059380,2.3014897,-0.0000187,6.0000000,0.5000000
363.1499378,409.8487537,198.7798507,2.2920686,-0.0000185,6.0000000,0.5000000
363.7829954,409.4328128,199.2573617,2.2827842,-0.0000182,6.0000000,0.5000000
364.4156610,409.0215500,199.7383816,2.2736370,-0.0000180,6.0000000,0.5000000
365.0479491,408.6149182,200.2228209,2.2646271,-0.0000177,6.0000000,0.5000000
365.6798715,408.2128701,200.7105902,2.2557545,-0.0000174,6.0000000,0.5000000
366.3114379,407.8153586,201.2015999,2.2470193,-0.0000172,6.0000000,0.5000000
366.9426554,407.4223364,201.6957607,2.2384213,-0.0000169,6.0000000,0.5000000
367.5735289,407.0337564,202.1929830,2.2299605,-0.0000166,6.0000000,0.5000000
368.2040611,406.6495714,202.6931773,2.2216365,-0.0000164,6.0000000,0.5000000
368.8342523,406.2697342,203.1962542,2.2134492,-0.0000161,6.0000000,0.5000000
369.4641007,405.8941976,203.7021243,2.2053980,-0.0000159,6.0000000,0.5000000
370.0936024,405.5229144,204.2106980,2.1974827,-0.0000156,6.0000000,0.5000000
370.7227514,405.1558374,204.7218860,2.1897027,-0.0000153,6.0000000,0.5000000
371.3515396,404.7929194,205.2355986,2.1820576,-0.0000151,6.0000000,0.5000000
371.9799570,404.4341132,205.7517465,2.1745468,-0.0000148,6.0000000,0.5000000
372.6079915,404.0793717,206.2702402,2.1671697,-0.0000146,6.0000000,0.5000000
373.2356291,403.7286476,206.7909902,2.1599258,-0.0000143,6.0000000,0.5000000
373.8628540,403.3818938,207.3139070,2.1528143,-0.0000141,6.0000000,0.5000000
374.4896486,403.0390630,207.8389013,2.1458346,-0.0000138,6.0000000,0.5000000
375.1159935,402.7001081,208.3658834,2.1389860,-0.0000136,6.0000000,0.5000000
375.7418674,402.3649818,208.8947640,2.1322678,-0.0000133,6.0000000,0.5000000
376.3672474,402.0336371,209.4254535,2.1256793,-0.0000131,6.0000000,0.5000000
376.9921090,401.7060266,209.9578626,2.1192198,-0.0000128,6.0000000,0.5000000
377.6164259,401.3821032,210.4919016,2.1128885,-0.0000126,6.0000000,0.5000000
378.2401705,401.0618197,211.0274813,2.1066846,-0.0000123,6.0000000,0.5000000
378.8633134,400.7451290,211.5645120,2.1006075,-0.0000121,6.0000000,0.5000000
379.4858238,400.4319837,212.1029044,2.0946565,-0.0000118,6.0000000,0.5000000
380.1076694,400.1223368,212.6425689,2.0888306,-0.0000116,6.0000000,0.5000000
380.7288166,399.8161410,213.1834162,2.0831294,-0.0000114,6.0000000,0.5000000
381.3492301,399.5133492,213.7253566,2.0775519,-0.0000111,6.0000000,0.5000000
381.9688737,399.2139141,214.2683008,2.0720976,-0.0000109,6.0000000,0.5000000
382.5877095,398.9177886,214.8121593,2.0667658,-0.0000107,6.0000000,0.5000000
383.2056984,398.6249254,215.3568426,2.0615557,-0.0000104,6.0000000,0.5000000
383.8228003,398.3352774,215.9022612,2.0564668,-0.0000102,6.0000000,0.5000000
384.4389736,398.0487974,216.4483257,2.0514984,-0.0000100,6.0000000,0.5000000
385.0541757,397.7654381,216.9949467,2.0466499,-0.0000097,6.0000000,0.5000000
385.6683628,397.4851525,217.5420345,2.0419207,-0.0000095,6.0000000,0.5000000
386.2814899,397.2078932,218.0894998,2.0373104,-0.0000093,6.0000000,0.5000000
386.8935111,396.9336132,218.6372532,2.0328184,-0.0000091,6.0000000,0.5000000
387.5043794,396.6622652,219.1852051,2.0284442,-0.0000088,6.0000000,0.5000000
388.1140467,396.3938020,219.7332660,2.0241874,-0.0000086,6.0000000,0.5000000
388.7224640,396.1281765,220.2813465,2.0200476,-0.0000084,6.0000000,0.5000000
389.3295814,395.8653414,220.8293572,2.0160245,-0.0000082,6.0000000,0.5000000
389.9353480,395.6052495,221.3772085,2.0121176,-0.0000080,6.0000000,0.5000000
390.5397120,395.3478537,221.9248110,2.0083268,-0.0000077,6.0000000,0.5000000
391.1426208,395.0931068,222.4720752,2.0046518,-0.0000075,6.0000000,0.5000000
391.7440209,394.8409615,223.0189117,2.0010925,-0.0000073,6.0000000,0.5000000
392.3438581,394.5913707,223.5652309,1.9976486,-0.0000071,6.0000000,0.5000000
392.9420774,394.3442872,224.1109435,1.9943201,-0.0000068,6.0000000,0.5000000
393.5386231,394.0996638,224.6559599,1.9911071,-0.0000066,6.0000000,0.5000000
394.1334385,393.8574533,225.2001907,1.9880094,-0.0000064,6.0000000,0.5000000
394.7264666,393.6176085,225.7435464,1.9850273,-0.0000062,6.0000000,0.5000000
395.3176495,393.3800823,226.2859375,1.9821608,-0.0000059,6.0000000,0.5000000
395.9069288,393.1448273,226.8272746,1.9794102,-0.0000057,6.0000000,0.5000000
396.4942453,392.9117965,227.3674682,1.9767758,-0.0000055,6.0000000,0.5000000
397.0795395,392.6809426,227.9064289,1.9742579,-0.0000053,6.0000000,0.5000000
397.6627510,392.4522185,228.4440671,1.9718569,-0.0000050,6.0000000,0.5000000
398.2438193,392.2255769,228.9802934,1.9695733,-0.0000048,6.0000000,0.5000000
398.8226829,392.0009707,229.5150183,1.9674077,-0.0000046,6.0000000,0.5000000
399.3992802,391.7783527,230.0481524,1.9653608,-0.0000043,6.0000000,0.5000000
399.9735490,391.5576757,230.5796061,1.9634332,-0.0000041,6.0000000,0.5000000
400.5454267,391.3388924,231.1092901,1.9616258,-0.0000038,6.0000000,0.5000000
401.1148504,391.1219557,231.6371148,1.9599396,-0.0000036,6.0000000,0.5000000
401.6817565,390.9068184,232.1629908,1.9583754,-0.0000033,6.0000000,0.5000000
402.2460816,390.6934334,232.6868287,1.9569345,-0.0000031,6.0000000,0.5000000
402.8077614,390.4817533,233.2085388,1.9556179,-0.0000028,6.0000000,0.5000000
403.3667317,390.2717311,233.7280319,1.9544271,-0.0000025,6.0000000,0.5000000
403.9229279,390.0633195,234.2452183,1.9533635,-0.0000022,6.0000000,0.5000000
404.4762852,389.8564714,234.7600087,1.9524285,-0.0000020,6.0000000,0.5000000
405.0267384,389.6511395,235.2723136,1.9516239,-0.0000017,6.0000000,0.5000000
405.5742225,389.4472767,235.7820434,1.9509514,-0.0000014,6.0000000,0.5000000
406.1186721,389.2448357,236.2891088,1.9504130,-0.0000011,6.0000000,0.5000000
406.6600216,389.0437694,236.7934202,1.9500107,-0.0000008,6.0000000,0.5000000
407.1982054,388.8440306,237.2948883,1.9497466,-0.0000005,6.0000000,0.5000000
407.7331581,388.6455720,237.7934234,1.9496233,-0.0000001,6.0000000,0.5000000
408.2648137,388.4483466,238.2889363,1.9496432,0.0000002,6.0000000,0.5000000
408.7931068,388.2523071,238.7813373,1.9498089,0.0000006,6.0000000,0.5000000
409.3179717,388.0574062,239.2705370,1.9501234,0.0000009,6.0000000,0.5000000
409.8393428,387.8635969,239.7564459,1.9505897,0.0000013,6.0000000,0.5000000
410.3571547,387.6708319,240.2389747,1.9512110,0.0000017,6.0000000,0.5000000
410.8713421,387.4790641,240.7180338,1.9519908,0.0000021,6.0000000,0.5000000
411.3818399,387.2882461,241.1935337,1.9529329,0.0000025,6.0000000,0.5000000
411.8885832,387.0983310,241.6653849,1.9540410,0.0000029,6.0000000,0.5000000
412.3915074,386.9092714,242.1334981,1.9553193,0.0000034,6.0000000,0.5000000
412.8905482,386.7210201,242.5977837,1.9567723,0.0000039,6.0000000,0.5000000
413.3856417,386.5335300,243.0581523,1.9584047,0.0000044,6.0000000,0.5000000
413.8767243,386.3467539,243.5145144,1.9602213,0.0000049,6.0000000,0.5000000
414.3637331,386.1606446,243.9667805,1.9622274,0.0000054,6.0000000,0.5000000
414.8466054,385.9751549,244.4148612,1.9644287,0.0000060,6.0000000,0.5000000
415.3252794,385.7902376,244.8586669,1.9668311,0.0000066,6.0000000,0.5000000
415.7996936,385.6058455,245.2981083,1.9694408,0.0000072,6.0000000,0.5000000
416.2697875,385.4219314,245.7330959,1.9722645,0.0000078,6.0000000,0.5000000
416.7355011,385.2384481,246.1635401,1.9753094,0.0000085,6.0000000,0.5000000
417.1967755,385.0553485,246.5893515,1.9785828,0.0000092,6.0000000,0.5000000
417.6535526,384.8725853,247.0104407,1.9820928,0.0000100,6.0000000,0.5000000
418.1057751,384.6901114,247.4267182,1.9858479,0.0000107,6.0000000,0.5000000
418.5533872,384.5078795,247.8380945,1.9898568,0.0000116,6.0000000,0.5000000
418.9963340,384.3258425,248.2444801,1.9941293,0.0000125,6.0000000,0.5000000
419.4345619,384.1439531,248.6457856,1.9986753,0.0000134,6.0000000,0.5000000
419.8680186,383.9621642,249.0419215,2.0035056,0.0000144,6.0000000,0.5000000
420.2966536,383.7804286,249.4327983,2.0086314,0.0000154,6.0000000,0.5000000
420.7204177,383.5986991,249.8183266,2.0140648,0.0000165,6.0000000,0.5000000
421.1392637,383.4169285,250.1984169,2.0198187,0.0000177,6.0000000,0.5000000
421.5531460,383.2350697,250.5729797,2.0259064,0.0000189,6.0000000,0.5000000
421.9620214,383.0530753,250.9419256,2.0323425,0.0000203,6.0000000,0.5000000
422.3658485,382.8708982,251.3051651,2.0391422,0.0000217,6.0000000,0.5000000
422.7645887,382.6884913,251.6626086,2.0463216,0.0000232,6.0000000,0.5000000
423.1582057,382.5058074,252.0141669,2.0538978,0.0000247,6.0000000,0.5000000
423.5466660,382.3227991,252.3597503,2.0618892,0.0000264,6.0000000,0.5000000
423.9299392,382.1394195,252.6992695,2.0703149,0.0000283,6.0000000,0.5000000
424.3079979,381.9556212,253.0326348,2.0791954,0.0000302,6.0000000,0.5000000
424.6808186,381.7713570,253.3597570,2.0885522,0.0000322,6.0000000,0.5000000
425.0483811,381.5865799,253.6805465,2.0984083,0.0000345,6.0000000,0.5000000
425.4106697,381.4012425,253.9949138,2.1087878,0.0000368,6.0000000,0.5000000
425.7676726,381.2152977,254.3027695,2.1197163,0.0000393,6.0000000,0.5000000
426.1193833,381.0286983,254.6040241,2.1312207,0.0000420,6.0000000,0.5000000
426.4657998,380.8413972,254.8985881,2.1433294,0.0000449,6.0000000,0.5000000
426.8069263,380.6533470,255.1863721,2.1560722,0.0000480,6.0000000,0.5000000
427.1427723,380.4645007,255.4672866,2.1694804,0.0000513,6.0000000,0.5000000
427.4733542,380.2748110,255.7412421,2.1835868,0.0000548,6.0000000,0.5000000
427.7986951,380.0842307,256.0081491,2.1984255,0.0000586,6.0000000,0.5000000
428.1188258,379.8927127,256.2679183,2.2140322,0.0000626,6.0000000,0.5000000
428.4337850,379.7002098,256.5204601,2.2304437,0.0000669,6.0000000,0.5000000
428.7436200,379.5066747,256.7656850,2.2476980,0.0000715,6.0000000,0.5000000
429.0483879,379.3120603,257.0035036,2.2658339,0.0000764,6.0000000,0.5000000
429.3481553,379.1163193,257.2338264,2.2848911,0.0000816,6.0000000,0.5000000
429.6430001,378.9194047,257.4565640,2.3049095,0.0000871,6.0000000,0.5000000
429.9330116,378.7212691,257.6716268,2.3259290,0.0000930,6.0000000,0.5000000
430.2182916,378.5218654,257.8789255,2.3479888,0.0000991,6.0000000,0.5000000
430.4989549,378.3211465,258.0783705,2.3711270,0.0001057,6.0000000,0.5000000
430.7751307,378.1190650,258.2698724,2.3953797,0.0001125,6.0000000,0.5000000
431.0469633,377.9155739,258.4533416,2.4207800,0.0001197,6.0000000,0.5000000
431.3146125,377.7106259,258.6286888,2.4473574,0.0001271,6.0000000,0.5000000
431.5782552,377.5041739,258.7958245,2.4751360,0.0001348,6.0000000,0.5000000
431.8380856,377.2961706,258.9546591,2.5041339,0.0001426,6.0000000,0.5000000
432.0943163,377.0865689,259.1051033,2.5343612,0.0001507,6.0000000,0.5000000
432.3471788,376.8753215,259.2470675,2.5658190,0.0001587,6.0000000,0.5000000
432.5969240,376.6623813,259.3804624,2.5984976,0.0001668,6.0000000,0.5000000
432.8438229,376.4477010,259.5051983,2.6323750,0.0001747,6.0000000,0.5000000
433.0881662,376.2312336,259.6211859,2.6674158,0.0001823,6.0000000,0.5000000
433.3302649,376.0129317,259.7283357,2.7035697,0.0001896,6.0000000,0.5000000
433.5704496,375.7927483,259.8265582,2.7407709,0.0001964,6.0000000,0.5000000
433.8090702,375.5706360,259.9157639,2.7789372,0.0002025,6.0000000,0.5000000
434.0464948,375.3465478,259.9958634,2.8179706,0.0002077,6.0000000,0.5000000
434.2831087,375.1204364,260.0667672,2.8577574,0.0002121,6.0000000,0.5000000
434.5193128,374.8922546,260.1283859,2.8981698,0.0002154,6.0000000,0.5000000
434.7555222,374.6619553,260.1806299,2.9390676,0.0002176,6.0000000,0.5000000
434.9921638,374.4294912,260.2234098,2.9803005,0.0002185,6.0000000,0.5000000
435.2296740,374.1948152,260.2566361,3.0217116,0.0002183,6.0000000,0.5000000
435.4684969,373.9578800,260.2802195,3.0631401,0.0002167,6.0000000,0.5000000
435.7090813,373.7186385,260.2940703,3.1044253,-0.0161292,6.0000000,0.5000000
435.9518785,373.4770435,260.2980991,-3.1377751,-0.0159841,6.0000000,0.5000000
436.1973396,373.2330478,260.2922165,-3.0972409,0.0001544,6.0000000,0.5000000
436.4442945,372.9866041,260.2763329,-3.0772307,0.0001014,6.0000000,0.5000000
